,Video_Id,Text,Views,Likes,Dislikes,Length,Creation_Date,Total_time,Trend_Score
0,6xJFVwBXT8M,ICC Cricket World Cup The Super Squad unlock brand new super power Watch them enjoy the ICC World Cup with their cricketing from wherever they are only,8354,30,7,60,2019-06-06 11:30:18,1154622.713658,0.007876165861304584
1,6Py2Wr2VehU,with Season Will they Won they Everyone waiting for update and Sara Ali Khan but all the details their relationship status are this episode streaming now,115010,513,25,12,2019-02-12 06:42:17,11021503.713658001,0.011411328550762458
2,xCvTiWiCYKA,ICC Cricket World Cup The Super Squad unlock brand new super power Watch them enjoy the ICC World Cup with their cricketing from wherever they are only,6704,78,12,60,2019-05-06 13:12:50,3826870.7136580003,0.0022221811595697365
3,jB7tzPlBDvY,Watch Get Your free Trial,309397,21,2,40,2016-10-24 10:33:05,83670055.713658,0.00370332011084606
4,_9oBtrnVUdk,Boss Fun Unlimited Exclusive depth analysis the situation that you want contestant the person you Watch the video here,154277,985,78,30,2018-09-12 12:48:01,24218759.713658,0.007247976447819792
5,cUcjViHX_Ys,Air With Watch Now,2231994,1473,624,60,2015-10-18 17:18:03,115786557.713658,0.01963901548592087
6,LBbZoUKuNIU,Ultimate Pro Nada stops bike with his hands Watch the full episode com ultimate,35411,122,47,35,2015-07-31 07:08:14,122648746.713658,0.0003162771821106614
7,dD_rdS65R1A,Premium Come fall love Not the yesteryear don you fear shed tear kinda love Rather the exciting tantalizing flirting fire starting kinda love Explore with Premium Love Cheat Repeat,2484492,122,28,60,2018-02-10 12:42:53,42708667.713658005,0.058243259112587896
8,TVuLpMqyfAY,Watch With Katrina,666812,1114,91,30,2016-12-21 12:50:26,78650614.713658,0.008784572155162321
9,EjhFaLr9zjg,Boundary Riders trying find someone Boundary Riders trying find someone,22698,24,10,27,2016-04-18 05:31:44,100017736.713658,0.00023373854246401475
10,sMfHRiQ2HZg,Get the Fastest Score Update for Cricket Dog,26376,27,17,15,2016-01-25 07:16:57,107269023.713658,0.0002540901283184666
11,InMrEFBVpfk,With Season Watch first com with,964244,899,67,25,2016-11-26 06:06:51,80834829.713658,0.01216757681662828
12,CjkDfnBc_z8,Watch with com with,1349440,2510,140,30,2016-12-09 10:23:28,79696232.713658,0.017597318621557074
13,o4SFrh0lYqs,Download Shows Movies for Free film sec Choose your video quality download videos and watch them the,1514111,595,362,35,2016-09-23 06:55:12,86361528.713658,0.017753865903458902
14,vgpqcijVWkI,Watch the Olympic Games Sports Film sec,2016,1,3,15,2016-08-02 06:38:57,90855303.713658,2.3069649369131047e-05
15,21-mAHpFESw,watch the latest episodes Watch the latest episodes the Wilson only for Free,177552,290,273,35,2015-03-13 12:26:55,134725625.713658,0.0014014557290035947
16,pVAduZngfzg,Air With Now Streaming What will you watch Quantico,35604,92,56,30,2015-10-26 05:46:52,115136828.713658,0.00033494061310223824
17,VK3R-i2D71E,VIVO Tamil matter how far your enjoy this VIVO with them Watch Play and Chat every ball,6371,126,9,60,2019-03-16 15:19:40,8225660.713658,0.0011027685575382882
18,1kZmWuRCltU,watch movies serials sports for free sec solo with Watch full movies serials sports Available languages Absolutely Free Download the now Visit com download the from,224272,206,159,30,2015-01-31 18:26:48,138246432.713658,0.0016750667301458834
19,aRIkuxbSkA4,Watch with Roy,210038,152,13,20,2016-12-02 06:51:48,80313732.713658,0.002656307866558917
20,7DFODXabJVk,Watch the Full Movie for Free Visit com watch THIS FILM CERTIFIED THE AND RESTRICTED ADULTS,116116,0,0,20,2015-06-04 03:57:22,127584998.713658,0.0009101069966744433
21,nPp2JCDPFKM,Smart Agar common sense Mon Fri Apply bit For more updates com Twitter twitter com com,21864796,58,16,10,2018-06-22 13:36:09,31300671.713658,0.6985880750430887
22,DHT_zCRrwcQ,USA Presidential Debate Part Donald Trump and Hillary Clinton Watch,38905,5,3,25,2016-10-08 08:38:56,85059304.713658,0.00045926780299354266
23,dJz4Xz0ujEo,Bole With Sunny Leone and Sunny Leone com bole with sunny and,71939,28,21,17,2016-01-20 14:22:25,107675495.713658,0.000677210720198715
24,fMi5NG2FC7U,years later from Nov Watch Here com,1366066,6070,209,30,2015-11-19 10:00:13,113048027.713658,0.013194798973213625
25,v5B6-XwPW4o,Watch the Olympic Games Starting August Splits Film sec,3526,34,3,30,2016-08-01 11:37:37,90923783.713658,4.691841700555174e-05
26,Hrzl5HJpx9M,Womens Promo SEC Watch Zara Main,8055491,237,90,30,2017-12-12 05:47:02,47917618.713658005,0.16824773885731664
27,cnQXw5chci8,VIVO Final Tonight Don miss out the final battle the VIVO crown,510648,4064,484,6,2019-05-11 07:55:09,3413931.7136580003,0.17622145094266747
28,Bnc-96F-wp8,with Season back asking all the wrong questions with Season premieres October For more updates com Twitter twitter com com,9075676,149,81,20,2018-10-04 11:10:50,22323790.713658,0.40675332054804486
29,T8Y8JHQc9Os,Dance Watch All Episodes and Performances Visit com dance dance,416093,874,524,30,2015-08-12 09:28:50,121603510.713658,0.003651646218057139
30,Lwhozxw1b4E,Fastest Scorecard VIVO Don let slower score checking ruin your perfect match Upgrade the Fastest Scorecard For more updates com Twitter twitter com com,8280637,30,6,12,2018-04-21 11:27:08,36665212.713658005,0.2258641471597176
31,NWaYOUsRLqk,VIVO Telugu matter how far your enjoy this VIVO with them Watch Play and Chat every ball,24640,202,32,60,2019-03-16 15:22:51,8225469.713658,0.003564538077541704
32,KiA6SrasCxA,Every car owner feat Find out why learning the habits every car owner Share this with friend who behaves just like this For more updates com Twitter twitter com com,8580,109,18,30,2018-04-28 17:35:42,36038298.713658005,0.00030856062569306793
33,Bp90Kdv3csA,Suffering From Official Trailer Now Streaming the mood for love Think again From director comes story four couples exploring the many meanings modern day love Watch the trailer Suffering From now and binge watch the entire series episodes June exclusively,22358,107,4,58,2017-06-16 05:55:33,63382707.713658005,0.00038777137939633675
34,z_9LPtx_2uE,Watch Pepsi Free Streaming All Matches sec promo Watch all matches the Pepsi absolutely Free Download the now from visit com,110582,0,0,30,2015-04-02 14:42:41,132989479.713658,0.0008315093813292304
35,KlvyLgERNcs,Game Thrones Premium Membership Oath Film Watch Game Thrones com game thrones,513043,200,83,50,2016-04-28 13:40:47,99124393.713658,0.005232849156166185
36,Xgx46ROvIhI,Watch Hyderabad Riders VIVO today Watch Hyderabad Riders VIVO today,56951,65,56,20,2016-05-24 18:30:00,96860640.713658,0.0006129527903445748
37,O_DMFAdcA1M,and talk about Suffering From Originals Love never ever get divorce you agree Binge watch all episodes the new Tamil series Suffering From directed exclusively Click here watch now bit For more updates com Twitter twitter com com,24756,110,5,30,2017-06-16 12:27:32,63359188.713658005,0.0004270256698247098
38,PnahJ784J2Q,VIVO Final Streaming Live Now India Why you Watch battle the VIVO Final Streaming Live Now only,491576,1814,515,6,2019-05-11 07:48:45,3414315.7136580003,0.15761752723898959
39,1m77UbAHOVU,VIVO Delhi Delhi always moving relentless pace but India capital comes standstill during the VIVO These with ensure that one misses out the match action thanks,6681,25,10,20,2016-05-10 10:22:10,98099510.713658,7.523992674687595e-05
40,-FVZVxYoCYU,far VIVO matter how far your enjoy this VIVO with them Watch Play and Chat every ball,719130,7762,1685,60,2019-03-09 05:55:35,8864305.713658001,0.10244118708596187
41,IP79olMLUEc,Star Awards When creativity meets excellence legends are born and the Star Awards here acknowledge just this Keep watching the Star network for further updates,2944,23,5,45,2018-03-01 12:41:35,41067145.713658005,8.532368001496263e-05
42,DTC-vrIed0U,VIVO Final Here your ticket for the Sunday Blockbuster VIVO final,129722,1152,129,6,2019-05-11 07:52:40,3414080.7136580003,0.04550038883924322
43,MqJIJswQ0nE,Ultimate Pro flips over car Watch the full episode com ultimate,28189,109,35,41,2015-07-31 07:08:14,122648746.713658,0.0002533168975018984
44,KlKWGQslezg,Tiger Tara with Season What got Students the Year giggling All the details are the latest episode For more updates com Twitter twitter com com,103598,493,26,15,2019-02-18 12:55:44,10480696.713658001,0.010875040382713173
45,Ephvea6ryHo,Congrats advance Catch congratulating everyone Yes you too Find out what the hype about For more updates com Twitter twitter com com,2178,27,9,26,2018-05-11 12:21:04,34933976.713658005,8.295648742637937e-05
46,HW2YtwlTbjY,Watch funny take,413818,784,649,50,2015-07-31 15:25:52,122618888.713658,0.0036085631230379452
47,vJ_nJfUivjo,OLYMPICS MUSIC Sec,2932,6,3,15,2016-08-04 08:24:53,90676147.713658,3.431994056283953e-05
48,kx-GuW8x_mo,Boss Season Tamil Live with Watch all Episodes Unseen Drama live with exclusively For more updates com Twitter twitter com com,133358,119,48,6,2018-06-25 12:20:05,31046035.713658,0.00440307423662026
49,ljZwWyWLpz4,Air With Season Watch every Monday Wednesday Friday Visit com,7808,37,3,50,2017-03-03 05:13:55,72457205.713658,0.00011880115876974003
50,MFDark1XkWA,The new way NEWS the mission successful mission impossible Watch the get the news description for clip Click here watch now com news For more updates com Twitter twitter com com,1945,15,6,30,2018-05-21 13:00:02,34067638.713658005,6.942071975924329e-05
51,iDGIkOFSsz0,VIVO Phone VIVO,1986,22,5,20,2019-05-01 10:51:42,4267338.713658,0.0005919380132435492
52,dCgJ-xTTQvk,Life Screen Awards com promo Life Screen Awards com January onwards Download the now,223994,252,143,30,2015-01-21 10:09:02,139140298.713658,0.001666619966636864
53,aWFNjH9jI4A,Watch the Rio Olympic Games Personalization Film,2187,6,1,30,2016-08-09 11:08:46,90234314.713658,2.578841549785474e-05
54,9G1HpEicJ28,One Tip One Hand Promo The mother all cricket post match shows here,8832,21,19,30,2015-02-15 11:44:57,136974543.713658,7.03196355969286e-05
55,1dYoFFu5asM,TEA Awards Watch the full show com tea awards galore,26555,20,14,30,2016-02-24 06:29:55,104679845.713658,0.000260174246669209
56,2vVDHgttZ0E,VIVO Tamil matter how far your enjoy this VIVO with them Watch Play and Chat every ball,2471,29,14,60,2019-03-27 15:11:26,7275754.713658,0.00045782192103687445
57,RJ3AWWaoHm8,Big Little Lies Watch all Episodes Premium,34385,9,4,60,2017-08-07 11:16:35,58870645.713658005,0.0005884936300598848
58,LWI8gfUX0QA,Daily Watch Watch the Daily episodes only Visit com,500858,791,740,30,2015-05-13 11:14:11,129459589.713658,0.004105358291151212
59,0DSqApxP0no,With Season There much more the than you thought Watch the latest episode find out For more updates com Twitter twitter com com,195514,591,88,23,2019-01-21 14:01:03,12895977.713658001,0.016213892784457173
60,3bithv5VYgY,OTOH Episode promo,10171,30,7,36,2015-02-15 10:10:35,136980205.713658,7.965384445989401e-05
61,uRuprbH-B8o,Watch Knight Riders Hyderabad VIVO today Watch Knight Riders Hyderabad VIVO today,89462,127,68,20,2016-05-24 18:30:00,96860640.713658,0.0009638796451491501
62,Inds9Y33llA,blistering knock helps win scored quick fire ball Indians beat Delhi Daredevils runs remain the playoffs hunt,8599495,29166,2770,170,2016-05-15 19:03:56,97636204.713658,0.09461874339640014
63,jTnGk1AMhjg,sec promo,1110007,3352,996,30,2015-06-22 08:03:13,126015047.713658,0.00949860371215229
64,NWL2t7MrgOg,Take Now streaming,812729,643,42,45,2017-05-26 06:17:46,65195774.713658005,0.012676112886605051
65,afMt6OI5PFo,Boundary Riders gets you update from the VIVO Episode Boundary Rider Jay gets you update from the VIVO Episode,1144,5,2,60,2016-04-12 12:33:04,100510856.713658,1.2774739386193317e-05
66,gxBt6EZ4QJI,Air With the new show Now Streaming,19170,40,16,30,2015-10-23 06:58:59,115391701.713658,0.00017583586773292582
67,xYk1VQBjWsc,One India best pop artists brings upbeat treat for all cricket lovers with his new and catchy song Join him and gives reason celebrate the love for our friends and cricket all,8746,242,10,63,2019-03-25 12:38:09,7457751.713658,0.001848546388954268
68,IIvsqALOGGw,Vicky with Season Can Vicky really resident good boys there something they not saying All the details this episode For more updates com Twitter twitter com com,136788,651,28,17,2018-12-17 12:01:22,15927158.713658001,0.00944098082422291
69,2n8fdwtgb_I,Suffering From Originals Tamil the mood for love Think again From director comes story four couples exploring the many meanings modern day love Watch the trailer Suffering From now and binge watch the entire series episodes June exclusively,11428,41,0,58,2017-06-14 06:14:12,63554388.713658005,0.00019271682487865502
70,MmqQp7fTP6w,with Season Between family friends and fish siblings and drop some pretty surprising revelations the couch Watch now For more updates com Twitter twitter com com,135852,364,52,11,2018-11-27 06:04:37,17676563.713658,0.008156110109149996
71,G2g89mEm4Og,Interview with Daniel after Boss Tamil Exclusive Now that out the Boss Tamil house Daniel spares detail about what really goes inside Watch the full interview here For more updates com Twitter twitter com com,83024,467,85,30,2018-09-04 05:45:16,24935324.713658,0.003772319032544127
72,xR82ThfMQwg,Beauty And The Feast Exclusive,24388,121,57,20,2018-02-23 07:04:29,41605771.713658005,0.0006717337246463202
73,RsfuxScIao8,Watch the Olympic Games Starting August Visit com sports,6092,30,3,99,2016-07-13 10:33:57,92569203.713658,7.294002464238315e-05
74,nbf0Z_KbYyk,Boundary Riders Boundary Riders com sports cricket jay beats the heat the,995,1,1,30,2016-04-27 07:00:00,99234840.713658,1.042980461858644e-05
75,eEiJSNFlUxQ,far VIVO matter how far your enjoy this VIVO with them Watch Play and Chat every ball,2531,34,7,60,2019-03-27 15:07:31,7275989.713658,0.0004605559012418238
76,OKl6MnJkrDc,Feb,2298,15,7,3592,2019-03-08 14:13:00,8920860.713658001,0.0003069210570464431
77,yNFhPqrdsDc,Watch Only,1880498,878,64,30,2017-02-13 07:17:13,74005007.713658,0.025664992933302096
78,1kwrLb-JVXc,Watch VIVO with all your The Super Squad unlock brand new super power Watch them enjoy VIVO with their cricket from wherever they are only,2230,29,2,30,2019-03-29 19:35:49,7087091.713658,0.00040213956798492925
79,0G4t1V2KuSY,Suffering From Music Video Get ready groove the latest Tamil love anthem the season Binge watch all episodes the new Tamil series Suffering From directed exclusively Click here watch now bit For more updates com Twitter twitter com com,524815,3945,286,59,2017-06-15 05:41:26,63469954.713658005,0.009601944774491175
80,YCqSaL0rcP0,with Season See first com with,159801,29,3,20,2016-11-05 12:29:17,82626283.713658,0.0019417671083454444
81,cyq1mwCH9bM,Take May onwards only Watch Season only,4989666,17628,4497,55,2017-05-03 09:37:50,67170970.713658,0.08087073839019968
82,8i67Pq3Bw-g,Get the Fastest Score Update for Cricket Champagne,4154,7,1,15,2016-01-25 07:16:58,107269022.713658,4.02166430798546e-05
83,_8YyRpU4G9Q,Boss Tamil Fun Unlimited with Rio Raj Exclusive Watch out Rio Raj has few words for you Watch Boss Fun Unlimited now com source For more updates com Twitter twitter com com,742969,9305,549,60,2018-06-28 13:03:21,30784239.713658,0.030536696983389514
84,elipv8xaF0w,Dance Legendary Beauty This weekend witness the presence the legendary beauty who stole the hearts with her iconic moves Dance This Sat Sun and bit,179140,2831,54,51,2019-01-10 13:50:52,13846988.713658001,0.017104079803747688
85,3IzWXdwAhrg,Watch All Premier League Matches Premium Start Your Free Month Subscribe here com subscribe get started,530775,76,45,30,2016-08-12 07:51:42,89986938.713658,0.005925248793012591
86,1MhhJMuJZXA,Take Now Streaming,231121,28,5,15,2017-05-17 12:57:24,65949396.713658005,0.0035145279797836053
87,x1QT_iwGFb0,Boss Season Tamil Watch all Episodes Unseen Drama exclusively For more updates com Twitter twitter com com,5341375,108,31,25,2018-06-20 13:59:17,31472083.713658,0.16980620185884884
88,PHYy0Vq0Jv0,Watch Bangladesh India Free Streaming the,693236,1753,1376,47,2015-06-11 09:00:09,126962031.713658,0.00595308683862762
89,YVbL8RkgBv8,Take Now Streaming,166251,20,1,15,2017-05-17 12:45:36,65950104.713658005,0.0025272287394182574
90,713csgHie0g,brand film Entertainment not team sport that why best solo,563022,453,304,40,2015-03-09 05:32:41,135096079.713658,0.0042796356580105015
91,-jWWGY5FSDc,VIVO Gujarat Lions May onwards,14376,24,7,5,2016-05-24 04:40:05,96910435.713658,0.00015474081701901323
92,kkvpctG_V4Y,Watch Play VIVO You have superpower time test This VIVO Watch Play with every ball Rules and Regulations apply For more updates com Twitter twitter com com,9161734,55,23,30,2018-04-17 08:02:27,37023093.713658005,0.24750211505473446
93,QgJUiws_Sh8,Title Watch VIVO Kannada The Super Squad unlock brand new super power Watch them enjoy VIVO with their cricketing from wherever they are only,7391,61,20,60,2019-04-02 11:43:42,6769818.713658,0.0013310548452088462
94,09ZaGipnnlc,Star Guild Awards com Promo Star Guild Awards com din January onwards Download the now,164085,161,108,30,2015-01-15 13:53:25,139645235.713658,0.0012135394317890464
95,Gxosnr5mldk,Movies Collection Watch classic films for Free,137238,208,230,30,2015-04-16 11:53:58,131790002.713658,0.0011078078533560084
96,fAk5wJXDYnw,Watch Premier League for free,11212,37,29,30,2015-09-10 07:10:58,119106182.713658,0.00010521704007698792
97,eotN82m7jX0,Surprise Gift Beauty And The Feast Exclusive,5867,29,32,50,2018-02-06 12:05:38,43056502.713658005,0.00016459766941897777
98,9fM6RnKprkI,Bole With Alia Watch Here com bole with,178071,292,181,30,2015-10-16 07:17:57,115995363.713658,0.001616711168413009
99,HccibHNnpDM,Watch VIVO Starts April sec com sports cricket tournament vivo,9886832,91,26,20,2017-04-01 10:17:44,69933376.713658,0.14140847281679508
100,2nt9YJJtAu8,Watch Hero free Watch Hero Click here com movies hero,22600,32,10,20,2016-02-05 11:04:32,106304968.713658,0.0002204976896530373
101,I8ChPkaLDU4,Son Season Promo Exclusive New guests New games New music all new season Exclusively Click here watch now goo For more updates follow com Twitter twitter com com,3830,41,22,30,2018-04-06 15:02:02,37948318.713658005,0.0001341297894751805
102,s7GkiAh0HTc,Mad about your favorite Pepsi team What your Fan Logic Watch All Pepsi matches for Free Visit com download the,314067,0,0,60,2015-04-30 08:48:14,130591546.713658,0.0024049565833586463
103,Cn8i9F3ZOvE,Advertisement Best Entertainment don want our parents see this Log onto today com For more updates com Twitter twitter com com,5536,35,9,40,2018-04-21 19:46:28,36635252.713658005,0.0001751318613835588
104,8uw1FXeuuuw,Boundary Riders Boundary Riders com sports when met the aspiring stars,973,6,0,30,2016-04-25 06:15:09,99410331.713658,1.0994833043594326e-05
105,Z6PXZRArsWg,VIVO Bangalore brains ensure that everyone can enjoy the madness VIVO,3899,35,5,20,2016-05-10 10:22:10,98099510.713658,4.790034084589758e-05
106,_p4AQ6--gFg,Katrina with Season What other tips does Khan have working with perfectionist Katrina Watch With find out For more updates com Twitter twitter com com,37997,217,23,19,2018-11-12 14:00:19,18944021.713658,0.002259129589634328
107,pKoiuUfGErg,Boundary Riders the Garden City only Watch Boundary Rider tracking the VIVO from the Garden City only,2032,5,3,35,2016-04-15 05:29:31,100277069.713658,2.1859434128453037e-05
108,cdP6jQJ6ttc,Cruising with exclusive Chat Show with the stars the movie,825685,946,1005,30,2015-06-01 06:15:42,127835898.713658,0.006764179770323113
109,ScdanM-ueCs,Bole With Sunny Leone Sunny Leone com bole with sunny and,56420,43,16,17,2016-01-20 14:22:25,107675495.713658,0.0005349406531006457
110,tmsJVtinf4I,Super Singer Finale Live Promo Watch Super Singer Finale Live Feb,22036,50,49,30,2015-02-17 10:26:43,136806437.713658,0.0001755472944209436
111,iq2Gyxvni14,Watch the Full Movie for Free Click here watch the film com watch THIS FILM CERTIFIED THE AND RESTRICTED ADULTS,418298,651,601,30,2015-06-04 03:58:47,127584913.713658,0.003474846571554647
112,x0ApF0VZeCc,This Watch all the episodes,7945,20,8,60,2017-09-22 06:04:25,54914975.713658005,0.00015487578551154135
113,IzkLzsUXpeg,Rio Raj imitates Boss Tamil Exclusive Rio Andrews are here show you the unseen side the spat Watch the full video here For more updates com Twitter twitter com com,325968,5499,184,35,2018-08-07 11:58:10,27332150.713658,0.01608464714708001
114,JVsfR0kZnzM,Watch Shows Movies and Sports com,1216632,284,215,15,2016-05-24 10:30:58,96889382.713658,0.012659921713249709
115,kHjppcPpWNo,Boundary Riders Boundary Riders com sports cricket jay learns the art making cricket bat,17569,25,15,30,2016-04-21 12:20:28,99734012.713658,0.00018417989510497728
116,fCxKyXvriRQ,Watch Promo Watch the latest season your convenience Visit com,165728,0,0,30,2015-04-27 07:26:41,130855639.713658,0.0012664948974507378
117,WFJ86Lvp4N4,Fastest score updates only,23222,37,20,20,2016-02-08 12:12:16,106041704.713658,0.00022973979969281096
118,6RMFN6nRiLQ,far VIVO matter how far your enjoy this VIVO with them Watch Play and Chat every ball,26675,778,32,60,2019-03-16 08:55:01,8248739.713658,0.005197763717651188
119,kt2TZzhkOPw,Android Promotional Video Video about the various features the,16291142,2258,1112,39,2019-03-15 17:16:55,8305025.713658,1.9697159965558708
120,B1PnxF9FyAo,Vivo Watch Only Watch all the Vivo matches com,674586,1761,151,100,2016-03-19 14:09:09,102578691.713658,0.0069490650357464994
121,1_YqQuZTvis,Watch with Mira,1629759,2367,197,30,2016-12-29 13:15:21,77957919.713658,0.02156341531655169
122,lo9_JdVqblg,Can make wins row for Royal Challengers Bangalore host the Kings Punjab and only win will for men they are make the play offs,254614,0,0,156,2016-05-17 18:29:59,97465441.713658,0.0026123515732686666
123,-4D7rMLTf80,VIVO Telugu matter how far your enjoy this VIVO with them Watch Play and Chat every ball,3450,27,11,60,2019-03-27 15:16:41,7275439.713658,0.0005786591829077592
124,qS-YXdhT1so,VIVO Punjab The Digital Punjab know that there always way watch the VIVO thanks,2875,32,3,20,2016-05-10 10:22:10,98099510.713658,3.6442587470543485e-05
125,X7azuyr2gd4,Watch free Watch Click here com movies,30635,48,14,30,2016-02-05 11:05:33,106304907.713658,0.00029984504653217164
126,JDqbvUUDO_E,Take Now Streaming,1664926,59,4,15,2017-05-17 12:53:20,65949640.713658005,0.02526451974521428
127,kP5E7ep7GqA,Film His screen charisma makes him the complete entertainer But where does superstar look for Visit com,215439,50,7,30,2016-05-10 10:14:42,98099958.713658,0.00220773793220615
128,SQxc3mrCk1k,Watch VIVO from April Watch VIVO from April,11825,63,19,20,2016-04-04 07:16:05,101221075.713658,0.00013302565602138857
129,JUf8s5Mhe4Y,Suffering From Originals Tamil the mood for love Think again From director comes story four couples exploring the many meanings modern day love Watch the trailer Suffering From now and binge watch the entire series episodes June exclusively,434540,476,35,145,2017-06-14 05:53:28,63555632.713658005,0.00699796353226174
130,7951UEpimYU,Ultimate Pro incredible show strength Watch the full episode com ultimate,86352,240,76,63,2015-07-31 07:08:14,122648746.713658,0.0007555886422252381
131,1yMg9G9pyDU,Suffering From Official Trailer Now Streaming the mood for love Think again From director comes story four couples exploring the many meanings modern day love Binge watch all episodes the new Tamil series Suffering From directed exclusively Click here watch now bit For more updates com Twitter twitter com com,1008604,2030,183,74,2017-06-16 06:02:42,63382278.713658005,0.016611330822555646
132,vnxcOP-MPGA,VIVO May Watch Gujarat Lions Royal Challengers Bangalore VIVO today,357252,87,38,20,2016-05-23 18:30:01,96947039.713658,0.0037108095416070524
133,TPDSoJdygII,Watch all Episodes Visit com,144203,321,227,30,2015-08-12 09:28:50,121603510.713658,0.0012759746744924589
134,wLQZqAu2s44,Dead Poets Society Now streaming Premium Brush your rendition Captain Captain for the ultimate tribute,2471,9,2,35,2017-09-05 06:59:02,56380498.713658005,4.772926918697357e-05
135,u9V9jOYd6hU,Feb onwards Catch the digital premiere Feb,100310,128,92,30,2016-02-11 06:56:08,105801472.713658,0.0009896837663440471
136,yeIgfm8XUdA,Golden Divas with the Heart Heart with Shah Khan gets close and personal with The star not only talks about her journey the film industry but also about some lesser known facts her life And that not all this super special episode Watch only,1448071,315,74,15,2017-12-08 05:47:06,48263214.713658005,0.030164816178065504
137,AC6YwpHbvls,Watch your shows entertainment beech shows,11401726,230,34,45,2019-02-25 09:27:06,9888414.713658001,1.153572774839682
138,NMmEeVtEmvk,Comedy time find your kind funny Click here watch now goo For more updates com Twitter twitter com com,98137,34,11,30,2018-04-30 11:44:28,35886572.713658005,0.002759722996961136
139,GHXpNlBfsdQ,Fastest Cricket Scorecard When you slower cricket scorecard the truth going hard swallow For more updates com Twitter twitter com com,2831968,24,27,30,2018-05-24 08:25:31,33824909.713658005,0.08375448815628563
140,AHif14REWNE,VIVO May onwards,6125,17,8,5,2016-05-24 04:40:05,96910435.713658,6.836209074092842e-05
141,yD7ugc0Z-6w,Watch Pro Watch the latest season your convenience Visit com,182415,0,0,30,2015-04-26 06:57:09,130943811.713658,0.0013930784327471455
142,T6Zg5REeBUQ,Fastest Scorecard VIVO Tired score checking that fail deliver time Upgrade the Fastest Scorecard For more updates com Twitter twitter com com,6353832,15,5,12,2018-04-21 12:09:19,36662681.713658005,0.17331607244739133
143,raJkJ4UWHB0,Take Now Streaming,871472,49,16,30,2017-05-16 09:56:20,66046660.713658005,0.013214475804974599
144,AAifzq-LYaA,Silicon Valley one does better than the folks Pied Piper cause there hustle like nerd hustle Catch Silicon Valley season now streaming only Premium goo,179264,14,0,30,2018-04-03 06:41:10,38237570.713658005,0.004695486576396681
145,-Ojt4zFp9Ww,Bole Special Feat Shah Khan and Watch Here com bole,22801,118,17,35,2015-12-04 13:03:14,111741046.713658,0.00022821515235442157
146,nd7GdncT7c0,Take Now Streaming,583474,39,6,15,2017-05-17 12:12:14,65952106.713658005,0.008860581247800871
147,2HvN0I89OVI,Boss Tamil Voting The campaigns are over but now all YOU Make responsible decision before casting your vote And get the full story with the juicy unseen footage well,59658,523,114,40,2018-09-24 14:38:46,23175314.713658,0.0031239273724871317
148,MOaRvY4wJjQ,Originals The Job,18917,7,6,30,2017-03-17 10:32:56,71228464.713658,0.0002692322525424702
149,_s4X2evmyiw,Kafka Confluent Jan,1454,11,1,3318,2019-03-08 13:58:41,8921719.713658001,0.00018987370757755418
150,7Y3HPh982Xg,Smith Raina help Lions move spot Dwayne Smith took for while Raina scored Gujarat Lions defeated Knight Riders wickets,4379140,13420,1737,154,2016-05-19 18:35:13,97292327.713658,0.048125891424660575
151,S4B_6yzE9Lg,People are Performing the Boss Tamil house Exclusive Rio Raj spills the beans his exclusive and why watches Click here watch,247864,1378,145,30,2018-08-02 12:37:18,27761802.713658,0.01002542964773223
152,kGBScSmEeYY,Khan Jonas with Season Contention Commonality You know what and common history means them when you watch the full episode FINALE For more updates com Twitter twitter com com,385465,1356,145,17,2019-02-26 12:09:10,9792290.713658001,0.04242980648240903
153,uNr3D45wf-o,The Break Their Silence Exclusive The double murder case year old and the family domestic help one the most sensational shocking and mystifying cases the country has seen Touted the Murder the Millennium watch and parents who were recently acquitted talk about the unsolved case this special episode streaming exclusively,534923,1965,266,120,2017-10-28 15:31:30,51770550.713658005,0.011194453062812526
154,fSN7J_DqbmU,super hit film,2602730,1223,284,15,2019-01-29 13:09:20,12207880.713658001,0.21566970236319422
155,Dgi931LWECs,Watch VIVO Malayalam The Super Squad unlock brand new super power Watch them enjoy VIVO with their cricketing from wherever they are only,2372,16,12,60,2019-04-02 11:43:08,6769852.713658,0.00043309657152285855
156,2isbQWgUK3U,The new way NEWS Guilty Innocent What the verdict Watch the get the news Click here watch now com news For more updates com Twitter twitter com com,1738665,8,3,30,2018-05-16 10:56:38,34507042.713658005,0.05039217687906195
157,iayQnNuctgo,watch movies serials sports for free solo with Watch full movies serials sports Available languages Absolutely Free Download the now Visit com download the from,2559987,2395,1456,60,2015-01-31 18:03:33,138247827.713658,0.019074491394265
158,EsOVWpWyqNA,ICC Cricket World Cup Hindi Never miss chance watch the match with your cricket Watch the ICC World Cup,4989,43,5,60,2019-06-06 11:26:25,1154855.713658,0.005151292866843573
159,iTiHn2EuDKc,and talk about Suffering From Originals Should love equal marriage Binge watch all episodes the new Tamil series Suffering From directed exclusively Click here watch now bit For more updates com Twitter twitter com com,118727,46,5,20,2017-06-16 12:25:42,63359298.713658005,0.0018899672570742458
160,gqsSPBS8iYI,sentimental ads fir Solo with,248198,24,7,40,2015-11-10 09:31:26,113827354.713658,0.0021859244697895507
161,119M9vAuy1Q,Ultimate Pro Kumar jumps over car Watch the full episode com ultimate,76102,280,71,64,2015-07-31 07:08:14,122648746.713658,0.0006777240063778299
162,ywDITK7SVZk,Interview with after Boss Tamil Exclusive dishes leaving the right time her surprising reaction and Watch the full interview here For more updates com Twitter twitter com com,28185,150,21,30,2018-07-24 16:50:15,28524225.713658,0.0011080055359703196
163,6fbAowU57ro,Boss Tamil Finale The field set The players are ready The conditions are perfect for thrilling finale Boss Tamil Who will make the top,232975,1308,125,30,2018-09-21 19:08:02,23418358.713658,0.011172217626310842
164,_BZ6AzhpVpQ,Watch first com pow,2549,6,6,6,2016-11-06 02:27:11,82576009.713658,3.377494274270681e-05
165,b2AnJIIhN3Q,Boundary Riders Boundary Riders com sports cricket heads brush her cricketing knowledge,688,2,1,30,2016-04-25 06:15:06,99410334.713658,7.524368589589229e-06
166,O1wre0dmrZo,Exclusive scenes from Boss Tamil Exclusive One full week the house Are you caught all Check out the moments you never see only here For more updates com Twitter twitter com com,146074,293,92,30,2018-07-21 10:51:34,28804946.713658,0.005338458061687278
167,uN5awfKKm5A,This week Boss Tamil Exclusive You may love her you may hate her but you definitely can ignore her Catch the uncrowned queen best antics only Watch more Boss Tamil here For more updates com Twitter twitter com com,53961,190,59,35,2018-08-03 13:29:59,27672241.713658,0.0021299683852829634
168,3lxXHZeNrs4,Watch All Episodes only,1922502,4513,1205,30,2015-05-27 14:44:44,128237356.713658,0.015883530760448548
169,dq8ZHGCWSN0,Devon Dev Watch All Episodes Visit com,1212273,2540,1280,30,2015-05-29 10:13:06,128080854.713658,0.01006140225157774
170,d-87mba_shk,film Watch the best Tamil serials and movies only,65451,179,39,45,2016-05-27 05:31:41,96648139.713658,0.0007223211973539366
171,zokMr-QjnDM,Take May onwards only sec Watch Season only,363419,1047,53,60,2017-05-10 12:23:06,66556254.713658005,0.005790875728482183
172,lCOUOQM0jHM,Bole With Sunny Leone and Sunny Leone com bole with sunny and,180616,48,41,18,2016-01-20 14:22:25,107675495.713658,0.0016939415861622464
173,nLgDv371r6I,Watch Homeland,132153,7,2,30,2017-01-20 12:45:22,76058918.713658,0.001739874852786157
174,s3TYVkIoPGU,USA Presidential Debate Donald Trump and Hillary Clinton Watch,21235,2,4,30,2016-09-26 16:45:58,86066882.713658,0.0002481209883137915
175,vzu7bHCc1f8,VIVO Phone VIVO,3450375,60,9,30,2019-05-01 10:51:02,4267378.713658,0.8088700890203281
176,9SrojsL9OOA,Watch VIVO Bengali The Super Squad unlock brand new super power Watch them enjoy VIVO with their cricketing from wherever they are only,2347,33,2,60,2019-04-02 11:42:58,6769862.713658,0.0004500829823111134
177,wo9v4bSDJIw,The Various Stages Suffering From Originals Which stage are you Binge watch all episodes the new Tamil series Suffering From directed exclusively Click here watch now bit For more updates com Twitter twitter com com,85234,541,42,93,2017-06-16 06:59:45,63378855.713658005,0.0015288063962177146
178,FQa-fsI8y8w,Watch Pepsi Free Streaming All Matches Video Highlights,137764,0,0,30,2015-04-20 12:01:53,131443927.713658,0.0010480818885761681
179,4rYLrHdJjN0,Watch Game Thrones Season free and Minutes After America Start your free trial com subscribe get started,310647,37,41,40,2017-07-24 08:38:44,60089716.713658005,0.0051956810095767575
180,7Wy0ngULgMc,Watch VIVO Tamil The Super Squad unlock brand new super power Watch them enjoy VIVO with their cricketing from wherever they are only,7940,102,11,60,2019-04-01 12:19:29,6854071.713658,0.0014881665127131107
181,-7dwgEYKESE,Suffering From Official Trailer Now Streaming the mood for love Think again From director comes story four couples exploring the many meanings modern day love Watch the trailer Suffering From now and binge watch the entire series episodes June exclusively,19393,26,3,58,2017-06-16 06:19:15,63381285.713658005,0.00031512456358543116
182,uHNU9JBPOXY,Smart par par Mon Fri Apply secure media com static terms For more updates com Twitter twitter com com,4559,19,5,30,2018-07-05 07:10:27,30200613.713658,0.00016685091395083636
183,DNWsAY2iuHA,Suffering From Now Streaming Tamil the mood for love Think again From director comes story four couples exploring the many meanings modern day love Watch the trailer Suffering From now and binge watch the entire series episodes June exclusively,11570,42,3,28,2017-06-16 05:41:56,63383524.713658005,0.00019673882221499337
184,0Dyxcqf7Mp0,Watch the match show April,281188,0,0,45,2015-04-26 06:56:38,130943842.713658,0.002147393830612479
185,9AnRaUW0sNw,Juicy Half Volley weekly World Cup round Promo,26326,43,36,45,2015-02-18 15:21:40,136702340.713658,0.00020413695811144145
186,2jGQ2x2b1T4,Top four chasing clash Indians take Kings Punjab the business end the VIVO approaches,8771,22,1,42,2016-05-12 19:11:36,97894944.713658,9.429496106260244e-05
187,3SZ-DmzmPCY,What With Find out what happens when fans talk about behind his back Watch the full video here com nothing about that when stumped fans,825179,1765,1042,30,2015-09-09 11:02:55,119178665.713658,0.007394939310006052
188,j3x85w3D0U8,Suffering From Originals Telugu the mood for love Think again From director comes story four couples exploring the many meanings modern day love Watch the trailer Suffering From now and binge watch the entire series episodes June exclusively,84290,20,4,58,2017-06-14 06:31:26,63553354.713658005,0.0013338398953435956
189,cFz1WBnB2fs,Boss Tamil Watch Click here watch now bit For more updates com Twitter twitter com com,95500,71,23,6,2017-06-29 08:35:20,62249920.713658005,0.0015643393418593421
190,C5PgQGSoWLE,Originals,259733,16,4,35,2017-03-17 10:08:49,71229911.713658,0.0036520191271010756
191,nHfQFhhJt6g,Watch free Watch Click here com movies watch,15255,19,12,30,2016-02-05 10:58:00,106305360.713658,0.00014933395544144366
192,YSWgaWcPQZ8,Rio and Andrews Boss Tamil Fun Unlimited Rio Raj and Andrews try crack the mystery why the house under water Watch the full interview here,199947,1166,137,30,2018-09-06 09:00:06,24750834.713658,0.009131287999563299
193,7dLF1DuEnKM,The only game wants you Play Watch Play This Asia Cup wants you stop playing meaningless games switch the only game that matters For more updates com Twitter twitter com com,1911101,60,5,30,2018-09-20 12:37:17,23528203.713658,0.0812812156539541
194,x_4Rcv6-6BA,Mad about your favorite Pepsi team What your Fan Logic Promo Watch All Pepsi matches for Free Visit com download the,350213,0,0,30,2015-05-04 11:56:14,130234666.713658,0.002689091997064038
195,kkE1qkhE9D0,Watch Play VIVO You have superpower time test This VIVO Watch Play with every ball Rules and Regulations apply For more updates com Twitter twitter com com,28397330,303,52,30,2018-04-11 12:15:22,37526318.713658005,0.7569202355482307
196,TMBhs449PDQ,India South Africa Starting Oct Watch the entire series and test matches starting October,294553,573,404,30,2015-09-10 12:21:16,119087564.713658,0.0026374962050422805
197,wSp9qlkpqC0,Premium and more With the release Desi Pool has couple thoughts Premium and more,4510199,48,40,30,2018-05-18 09:47:04,34338416.713658005,0.13139682698897942
198,grvFDZpEHJc,Dolly watch for free Starring Visit com watch dolly watch the full movie,322729,0,0,30,2015-05-12 14:16:43,129535037.713658,0.002491441741912365
199,0q-qDt1PD-s,VIVO will anything watch their team anytime and anywhere during the VIVO with their with the help ensure that everyone enjoys the LIVE match action,6959,49,8,20,2016-05-10 10:22:10,98099510.713658,8.255902543326761e-05
200,xTKspASMEpc,Modern Family Watch All Seasons Binge watch all seasons and all episodes Modern Family Visit com modern family download the from,212776,323,294,30,2015-03-31 08:35:59,133184281.713658,0.0016902595193927785
201,nO60Pvjbutk,Watch the match show tomorrow onwards,227567,0,0,30,2015-04-27 09:37:46,130847774.713658,0.001739173635149688
202,-5XzL_hMiyg,Watch the Academy Awards,144039,100,53,9,2017-02-23 11:14:07,73126793.713658,0.002011560913992679
203,Q_yuEC6j3o4,Watch Horror Movies,268905,543,429,30,2015-06-01 14:23:11,127806649.713658,0.0022561032672870867
204,GK7G56BG5XM,Original for resident love guru gives relationship and talks about all the couples the show,270168,0,0,44,2015-05-15 13:09:21,129279879.713658,0.0020897915483708298
205,qdviXidVqiw,Watch with Uncut,575680,378,30,20,2016-11-11 10:07:21,82116399.713658,0.007109907424532312
206,BRcYdREIHaw,Get the Fastest Score Update for Cricket Wine,17136,17,8,15,2016-01-25 07:16:58,107269022.713658,0.00016440906753739353
207,S55_2Hm4q5s,Beauty And The Feast Official Trailer Exclusive She got the kitchen They forced make the time Watch now goo,23210,119,63,60,2018-02-07 06:21:15,42990765.713658005,0.0006245527278773231
208,8DvBEyL45ZE,Watch Action Jackson absolutely free only Ajay teams with Deva for out and out entertainer Small time crook Ajay has just about managed prove his worth when his professional assassin body double Jay bursts onto the scene The film also stars Roy and Don miss Punjabi Mast dance sequence,1069516,670,536,30,2015-02-19 12:25:27,136626513.713658,0.008004566392523515
209,t2l69050eo8,Boss Malayalam Watch all Episodes Unseen Drama exclusively For more updates com Twitter twitter com com,39214,53,39,6,2018-06-25 12:35:57,31045083.713658,0.0013223993975554548
210,W3vxWnY732U,Watch Game Thrones Season With English subtitles Start your free trial com subscribe get started,2545136,73,114,20,2017-07-16 05:03:36,60793824.713658005,0.04192656099538621
211,YWCQ-yuC4y0,Watch only com,4383385,14704,2556,60,2017-02-10 18:42:43,74223077.713658,0.06370774623820105
212,djR_2e_4WWg,Premium Succession Trailer From the makers The Big Short comes dark drama about family dysfunction with billion dollar twist Succession now streaming Premium,517212,27,6,30,2018-06-29 12:33:13,30699647.713658,0.016868988362026164
213,Jbfki4polyw,shares devastating story Exclusive speaks from the heart Exclusive unseen moments from Boss Tamil only Click here watch For more updates com Twitter twitter com com,409259,1535,97,17,2018-07-20 15:32:16,28874504.713658,0.015304123980037526
214,ft-P1uJ7kRw,Premier League Watch all matches Premium,198941,301,273,6,2017-09-01 15:17:06,56696214.713658005,0.003711376518921465
215,7L_W14VY8ng,Big Boss Telugu Watch,9680,29,7,5,2017-07-14 10:48:38,60945922.713658005,0.000170643080569348
216,TamiWI-339U,The Files Watch All Episodes The Files English supernatural drama starring Gillian Anderson David and Mitch FBI special agents Dana and Fox Mulder investigate unexplained cases Files for which the only answers involve paranormal phenomena Watch full episodes The Files only,1929081,67,43,30,2018-01-02 08:58:33,46091727.713658005,0.04190081595547824
217,m1jb3Pb3M6s,Superstar has found his stop for top class Superstar has found his stop for top class,109610,2328,41,45,2016-05-20 10:43:53,97234207.713658,0.001614555244408583
218,xF_76QqMmHo,Baby starring Kumar watch the full movie for free only Watch the Kumar Baby absolutely Free only Download the now Watch here com watch baby,415250,710,551,30,2015-03-16 12:04:17,134467783.713658,0.003275654493852278
219,uEI1-OZWrJc,The new way NEWS boy girl Watch the get the news Click here watch now com news For more updates com Twitter twitter com com,1705430,12,9,30,2018-05-21 12:53:49,34068011.713658005,0.050071897777237105
220,ILp3fwumeh4,Watch The Untold Story,407216,183,38,15,2016-12-05 08:43:54,80047806.713658,0.005142376998191574
221,EJkNBr1gdjY,guide easy win and put unbeaten run partnership give wicket victory over,13454114,43488,5375,174,2016-05-16 19:21:13,97548767.713658,0.14794009538246
222,I0DOvjzL4Qo,All your cricket only Watch all the exciting cricket action coming your way just one spot Jab Jab Cricket Tab Tab,564685,518,378,40,2016-02-09 07:49:18,105971082.713658,0.005497773402714431
223,M4pFPQRH7N0,Watch VIVO Starts April com sports cricket tournament vivo,5424451,884,425,60,2017-03-24 05:58:37,70640123.713658,0.07716055286219921
224,aspkrx8u2CM,The new way NEWS the mission successful mission impossible Watch the get the news description for clip Click here watch now com news For more updates com Twitter twitter com com,1870,19,12,30,2018-05-21 13:00:09,34067631.713658005,7.308990601192093e-05
225,Z_J41l4vD7g,Game Thrones Premium Membership Oath Film Watch Game Thrones com game thrones,6449,8,0,6,2016-05-06 16:08:40,98424320.713658,6.714803772156379e-05
226,-6HYgiamRv4,Air With Season Originals Air With back And this time your laughter can shatter glass ceiling two Catch Season starting Sept exclusively For more updates com Twitter twitter com com,59820,172,124,40,2018-09-18 14:52:15,23692905.713658,0.002774670223842724
227,ItKkzcmTmM4,Ultimate Pro shows his skills Watch the full episode com ultimate,14378,37,24,47,2015-07-31 07:08:14,122648746.713658,0.00012717618742909688
228,PGEgjtnfK8o,Kanpur Story Here how got the first time saw her Listen more their love story Kanpur This Sat Sun and bit,140548,1667,327,59,2019-01-10 14:05:51,13846089.713658001,0.013030971467852254
229,XnvtMSJSoZM,One Tip One Hand The mother all cricket post match shows,135909,269,238,35,2015-02-27 11:17:36,135939384.713658,0.0010743685526283413
230,KZYPeSdi7Yg,Son Season Exclusive Still think video For more updates com Twitter twitter com com,5516,48,8,78,2018-04-05 14:38:11,38036149.713658005,0.00017446560837405548
231,vnKLaJglrq4,Sara take with Season There are secrets this modern family this tell all episode with Watch now For more updates com Twitter twitter com com,258693,1011,71,19,2018-11-19 13:01:27,18342753.713658,0.015283037889303623
232,a6d3A4tZbX0,asks about Suffering From Originals Why people get divorced Can you answer question Binge watch all episodes the new Tamil series Suffering From directed exclusively Click here watch now bit For more updates com Twitter twitter com com,139893,17,7,20,2017-06-16 12:29:20,63359080.713658005,0.0022155150993177285
233,g7w3k0hOMNc,new Original,3658479,1658,1627,30,2017-02-10 06:13:05,74268055.713658,0.05014509891518701
234,w7G4ikvq2M8,Air With Now Streaming,208161,126,48,40,2015-10-23 04:32:19,115400501.713658,0.001833969496295107
235,RVfEatXSLbI,Rana with Season The secrets what goes farmhouse are all out this episode with the stars Watch For more updates com Twitter twitter com com,56366,193,17,10,2018-12-24 11:19:32,15324868.713658001,0.003952138261779802
236,dQeivvrvEBk,Star Awards Watch the full show,446039,1039,657,30,2015-06-15 08:58:51,126616509.713658,0.0037906510066137706
237,bRUWOGWoknE,Watch All Episodes Watch all episodes Now only,358720,672,520,30,2015-05-13 11:05:20,129460120.713658,0.0029550412736455917
238,JYIdKTvF9f0,Gujarat host both teams look seal play off spot Gujarat Lions take Knight Riders both sides look seal top four berth the group stages come end,12494,35,9,166,2016-05-18 20:55:12,97370328.713658,0.0001373519035694089
239,k-ZB8rFS_LY,Promo Exclusively,9272,24,27,25,2015-02-16 11:56:34,136887446.713658,7.518585704596323e-05
240,AeSY6EQHJzE,Keynote Amazon Conclave Keynote Amazon Conclave Dec Head Technology,6086,24,16,670,2018-02-26 12:45:35,41326105.713658005,0.00016662591069461022
241,ZKd3QF43g6U,VIVO Finals Watch,36469,34,2,20,2016-05-29 06:32:13,96471707.713658,0.0003854912583322598
242,CpjqStiJeiY,Khan with Season What gets Khan tongue tied Aside from voice course Watch the full episode with find out For more updates com Twitter twitter com com,63439,222,19,21,2018-11-06 11:15:54,19472286.713658,0.0035054434542668607
243,s-W3himDkwY,Watch VIVO with all your The Super Squad unlock brand new super power Watch them enjoy VIVO with their cricket from wherever they are only,34792,534,22,60,2019-03-29 19:38:32,7086928.713658,0.006478405788323782
244,jY06MqPStjs,Julie Watch for Free Starring,321585,0,0,30,2015-04-16 12:13:43,131788817.713658,0.002440153918815165
245,Uvby-cXo_Bg,VIVO Phone VIVO,3157675,94,12,30,2019-03-25 14:58:58,7449302.713658,0.4241732577475529
246,KVE4boNkP-8,Originals,52813,10,0,38,2017-03-17 09:42:50,71231470.713658,0.000744235651305108
247,ZBxyWV5FHGw,Watch your favorite Khan movies,4067,18,2,30,2016-02-23 10:55:59,104750281.713658,4.2644276721000586e-05
248,F1Wi4TYWLk8,VIVO Phone VIVO,3759536,44,26,30,2019-05-01 10:52:39,4267281.713658,0.8813423280592481
249,CQv8vUsjKCo,Download Shows Movies for Free film sec Choose your video quality download videos and watch them the,24076,23,17,30,2016-09-23 06:45:13,86362127.713658,0.00028804292643737063
250,EDO_92NrgIU,VIVO Final Everything else can wait Cricket biggest night LIVE now,17839,69,26,6,2018-05-27 15:01:21,33541959.713658,0.0005884867839717322
251,h3v92kExSMA,Bole Sons Bole Sons Watch now com bole,30350,87,15,30,2016-03-21 12:40:09,102411231.713658,0.00031627390334062675
252,d1b4tLUWYa8,The new way NEWS boy girl Watch the get the news Click here watch now com news For more updates com Twitter twitter com com,1512727,8,3,30,2018-05-21 12:53:11,34068049.713658005,0.04440955712805169
253,TbqG_rMDq6Y,Golden Divas with the Alia Straight Talk with Alia Today the King Khan will chat his Dear star Alia The actress who already made name for herself given her enviable body work talks Khan about all things personal and professional Watch out for the little surprises along the way Watch only,808628,303,84,15,2017-12-08 05:46:52,48263228.713658005,0.016914906477630165
254,DWszHfAWXQA,Things you missed Boss Tamil Exclusive Words have the power make break any relationship what will they stir the Boss House Don miss single moment action here bit,187367,492,58,35,2018-08-31 12:54:54,25255146.713658,0.007854517823597635
255,N3PReFxVlsE,Danish Beauty And The Feast Exclusive Once Humble Politician now pissed off Catch Danish all new episode Click here watch now goo For more updates follow com Twitter twitter com com,3959,14,11,27,2018-03-07 10:02:29,40558291.713658005,0.0001099405278575486
256,9MaBUjRT-6o,Watch the Rio Olympic Games Medals tally Film,2210,11,1,30,2016-08-09 11:08:46,90234314.713658,2.7151533291682043e-05
257,KiDj5MfGI2g,Khan with Bizarre coincidences Marriage tips Tons Gossip are here slay,873523,2253,277,20,2019-02-25 08:03:58,9893402.713658001,0.09340800397463184
258,TJb50gQ-xIM,Watch Game Thrones Season Minutes after America Hours before Torrents Start your free trial com subscribe get started,1817825,34,93,20,2017-07-18 08:06:08,60610072.713658005,0.03003403425367934
259,Ukg0xLRGMFQ,with Season back asking all the wrong questions with Season premieres October For more updates com Twitter twitter com com,8407892,1264,168,21,2018-10-18 11:29:42,21113058.713658,0.3995883360350067
260,nSvvV9qgTVg,Season Visit the place that exist any map Season premieres April Premium,6721,38,3,45,2018-04-20 12:59:33,36746067.713658005,0.00020521923757292577
261,pxAvX2ztxEU,with Season goes digging into stardom lives their debut episode Watch the full episode see what finds For more updates com Twitter twitter com com,169441,714,53,20,2019-01-28 15:50:55,12284585.713658001,0.015041695691419247
262,6vvzyc2c6vg,Watch free Watch Click here com movies,39467,46,20,30,2016-02-05 10:31:48,106306932.713658,0.00038367206125551026
263,eEtcZVWOr9Y,Suffering From Originals Tamil the mood for love Think again From director comes story four couples exploring the many meanings modern day love Watch the trailer Suffering From now and binge watch the entire series episodes June exclusively,276505,42,6,74,2017-06-14 05:57:48,63555372.713658005,0.004365720601625439
264,DpUq4xBsz_Q,Suffering From Now Streaming Telugu the mood for love Think again From director comes story four couples exploring the many meanings modern day love Watch the trailer Suffering From now and binge watch the entire series episodes June exclusively,8077,6,1,34,2017-06-16 06:10:42,63381798.713658005,0.00012964289696356214
265,1T8e4L_QrdI,Download the,5012,16,15,45,2016-12-07 13:43:47,79857013.713658,7.052605323052238e-05
266,BXPbbBardrk,VIVO Anthem Presenting the most awaited anthem the season sher For more updates com Twitter twitter com com,1708793,22501,1020,90,2018-03-27 08:21:13,38836367.713658005,0.05611268839731406
267,XNYa9sOPEBw,Roy with Season There more these hunks than meets the eye Discover Roy hidden talents the latest episode Watch now For more updates com Twitter twitter com com,208853,2285,121,28,2019-02-04 12:59:11,11690089.713658001,0.02198212385827699
268,xCzl-XMFRt4,India Next Superstars,575183,2891,153,25,2018-02-08 06:24:47,42904153.713658005,0.014825207933131128
269,H_4OsSDWmZE,with Never Seen Before only,244484,578,57,30,2017-01-19 06:34:27,76167573.713658,0.0033765549755707
270,BIM7OLUIDqs,VIVO Phone VIVO,3092222,93,11,30,2019-05-01 10:51:51,4267329.713658,0.725114347292263
271,pcavSZ3YAMc,Interview with after Boss Tamil Exclusive spared detail about her journey Watch the full interview now For more updates com Twitter twitter com com,97200,480,107,30,2018-08-21 09:49:06,26130294.713658,0.0041691072065505
272,ixjoYk1KXqo,Interview with after Boss Tamil Exclusive Once you leave the Boss house the gloves come off And has some strong opinions and her time the Boss Tamil House Click here watch the entire interview For more updates com Twitter twitter com com,535823,2172,316,30,2018-07-18 09:53:52,29067608.713658,0.020145551213672834
273,mlNG4RnUVEI,Watch with,14772,25,4,6,2016-11-08 12:08:46,82368314.713658,0.00018638234924884763
274,mMn6IS6dfRc,Premium Sharp Objects Trailer When demons from your past come back haunt you The most anticipated show the year Sharp Objects starring Amy Adams now streaming Premium,2413425,30,8,35,2018-07-09 09:14:26,29847574.713658,0.08088379116763846
275,qP3z6Z3TnHc,Watch free Watch Click here com movies,38354,39,31,20,2016-02-05 10:40:10,106306430.713658,0.00037395668101283076
276,SKH6671S4YU,Bole featuring Khan Watch Here com bole with,28316,110,16,30,2015-11-09 04:39:30,113931270.713658,0.00027065440249060085
277,NntVZOmb--A,VIVO May Watch Royal Challengers Bangalore Gujarat Lions VIVO today,399594,74,34,20,2016-05-23 18:30:01,96947039.713658,0.004144056396013921
278,cgC7UexVs_0,The new way NEWS Guilty Innocent What the verdict Watch the get the news Click here watch now com news For more updates com Twitter twitter com com,1487957,5,4,30,2018-05-16 10:44:52,34507748.713658005,0.043124719967924253
279,MuHzlzsSqFM,Unseen moments from Boss Tamil Reconsider everything you think you know about Boss Tamil Catch all the unseen moments only For more updates com Twitter twitter com com,272540,744,295,35,2018-08-17 16:18:34,26452526.713658,0.0110885437589806
280,btdz6ML18w0,Watch Pepsi Free Streaming All Matches sec promo Watch all matches the Pepsi absolutely Free Download the now from visit com,229290,0,0,30,2015-04-02 14:42:42,132989478.713658,0.0017241213531913179
281,zo-cCYHqKJ8,Now Promo,8432,23,20,25,2015-02-16 12:11:39,136886541.713658,6.788103405692863e-05
282,8IOvhmglo1A,All your cricket only Watch all the exciting cricket action coming your way just one spot Jab Jab Cricket Tab Tab,1738,7,5,30,2016-02-09 07:49:18,105971082.713658,1.8665469384178208e-05
283,UfG33sQP_iQ,Get the Fastest Score Update for Cricket Frog,53204,31,16,15,2016-01-25 07:16:58,107269022.713658,0.0005047496344264366
284,75TI0n4Ukkg,Watch VIVO with all your The Super Squad unlock brand new super power Watch them enjoy VIVO with their cricket from wherever they are only,2938,35,9,30,2019-03-29 19:37:32,7086988.713658,0.000538733749165139
285,Njc7M-bq9TI,Big Little Lies Watch all Episodes Premium,63121,6,4,60,2017-08-03 10:07:01,59220419.713658005,0.0010692426751814507
286,JK3YdNV5IRY,Laughter Riot Comedy These are infectious Click here watch now goo For more updates follow com Twitter twitter com com,2364,16,6,20,2018-04-04 10:08:56,38138704.713658005,7.352111250374605e-05
287,iLBbW0MDz0c,Watch with Jacqueline,699124,1846,111,30,2017-01-06 12:58:43,77267717.713658,0.009554624128227654
288,K1nFL90bChU,Watch English Movies Absolutely Free,241514,424,448,30,2015-06-24 12:58:45,125824515.713658,0.002058056798639369
289,1uTKyA67Ch0,Watch The Untold Story Free,54022,102,28,30,2017-01-19 04:44:45,76174155.713658,0.0007433229744330162
290,oFOnEUWzSv0,Boss Tamil with Rio Raj and Andrews Exclusive You can expect non stop laughter when Rio and Andrews discuss and antics the house Watch the full video here,96770,779,53,30,2018-08-14 13:43:31,26721029.713658,0.004244222667138925
291,TQ-gEUaP5qs,tum promo par din Watch this video know more,21988,0,0,20,2015-02-13 11:07:31,137149589.713658,0.0001603212962277665
292,BNDULkE8wco,Watch free Watch click here com movies,56991,46,18,29,2016-02-05 10:23:27,106307433.713658,0.0005481366444886115
293,6eaOEK-CssU,Watch Pepsi Free Streaming All Matches Starting April watch all matches the Pepsi absolutely Free Download the now from visit com,1936519,0,0,100,2015-03-23 17:33:06,133843254.713658,0.01446855879396355
294,3lT6bnPl-2I,With Season Watch over the Catch the latest episode For more updates com Twitter twitter com com,44151,152,6,15,2018-12-11 08:21:02,16458778.713658001,0.002874514617584589
295,ZtEQGagoXRE,Comedy time find your kind funny Click here watch now goo For more updates com Twitter twitter com com,98652,4,1,60,2018-04-20 13:02:30,36745890.713658005,0.00268742975288105
296,2737Iuxsrec,Restarting exclusively from September,946330,1349,408,30,2015-09-22 08:32:57,118064463.713658,0.00831300095836086
297,w3OBBa4svYo,and talk about Suffering From Originals The ultimate dream wedding involves lot planning Binge watch all episodes the new Tamil series Suffering From directed exclusively Click here watch now bit For more updates com Twitter twitter com com,32256,49,17,30,2017-06-16 12:31:22,63358958.713658005,0.0005299329515774093
298,qkeRM-5kXRE,Interview with after Boss Tamil Exclusive the first contestant ousted from the house Red Card elimination comes clean about his relationships inside the house and outside Watch the whole video here For more updates com Twitter twitter com com,816858,3944,1308,30,2018-08-27 13:27:01,25598819.713658,0.03601330101591091
299,jEWO82KYGeY,Originals Between The Lines,52489,9,0,30,2017-03-17 09:51:31,71230949.713658,0.0007394117334069618
300,XlFptXLh6W0,Watch Telugu Movies Shows,534352,157,129,30,2015-07-09 10:14:38,124538362.713658,0.0043365914585030176
301,G0csqCtwjyY,ICC Cricket World Cup Tamil The Super Squad unlock brand new super power Watch them enjoy the ICC World Cup with their cricketing from wherever they are only,2508,15,3,60,2019-06-06 11:27:59,1154761.713658,0.0024836292770002598
302,sAyIJkrQTGY,Big Boss Telugu Watch,984274,41,6,27,2017-07-14 10:45:38,60946102.713658005,0.016165332254776215
303,VFPgJeH_KuY,Air With Now Streaming,220075,139,83,30,2015-10-20 07:54:46,115647554.713658,0.00194137265207117
304,_zQt5speWT4,Pro Predictor Predict Win Prizes Visit predictor com visit predictor com play the contest The following prizes are for grabs LED Laptop Watches,495871,493,550,50,2015-07-20 14:06:24,123574056.713658,0.0041815492162513785
305,V9gsTG2s70M,India Bangladesh not the World Cup the World India Watch ICC Cricket World Cup,543225,3411,802,90,2015-03-19 09:31:42,134217738.713658,0.004675127192678199
306,YqCoSlmc7nc,All your cricket only Watch all the exciting cricket action coming your way just one spot Jab Jab Cricket Tab Tab,84389,126,54,40,2016-02-09 07:49:18,105971082.713658,0.0008303114184249021
307,mDpawr73ors,Boss Season Telugu Live with Watch all Episodes Unseen Drama live with exclusively For more updates com Twitter twitter com com,53222,57,29,6,2018-06-25 12:28:09,31045551.713658,0.0017697221330368283
308,qhI3nuIk8zM,Boss Season Tamil Watch all Episodes Unseen Drama exclusively For more updates com Twitter twitter com com,14560,37,13,6,2018-06-20 13:13:19,31474841.713658,0.0004943630897831645
309,1gA8ckak3Ao,VIVO Phone VIVO,6785067,104,21,38,2019-04-06 18:14:50,6400750.713658,1.0604329560150823
310,Yr-ihx28-UY,Interview with after Boss Tamil Exclusive Star child leaves the household but not before dropping some major truths about the Watch the full interview here For more updates com Twitter twitter com com,377267,2727,510,30,2018-08-06 12:30:18,27416622.713658,0.016121861712011947
311,RoSceEqQ-Vc,India Bangladesh ICC Cricket World Cup Quarter Finals Watch for Free Watch team against Bangladesh the quarter final match the ICC Cricket World Cup Download the now visit com,264243,0,0,50,2015-03-18 12:40:13,134292827.713658,0.001967662789582661
312,XEioWZxzfGc,All your cricket only Watch all the exciting cricket action coming your way just one spot Jab Jab Cricket Tab Tab,1805,8,6,30,2016-02-09 07:49:18,105971082.713658,1.967517879980362e-05
313,EgKdb5VYyTs,VIVO fans find new ways bond and enjoy their Knight Riders action the VIVO the most ways thanks,4328,26,4,20,2016-05-10 10:22:10,98099510.713658,5.0234705190164564e-05
314,U-P6rs9UD0c,Watch all your favorite cricket action Jab jab cricket tab tab Watch all your favorite cricket action Jab jab cricket tab tab,160566,139,39,30,2016-02-16 12:13:12,105350448.713658,0.00155790508729672
315,1RVyQVVlbTU,Download the,689309,88,67,56,2016-12-07 13:39:05,79857295.713658,0.008670579110050895
316,XYv7BRg5wP0,Fever Grips The Entire Nation just months Star Sports Pro has become the second most watched sport the country Here look back all the highs the league,9339,62,8,364,2016-03-04 11:30:23,103884217.713658,0.00010337470153166593
317,QOXo5UFIWis,India and Australia lock horns for the final With the series Team India will eager seal the series with dominant victory over the Aussies the series,11661,82,13,8,2019-03-11 12:57:49,8666171.713658001,0.0015648201360501182
318,9L3Gyc_JFl8,Cinema Official Trailer Originals They put their lives the line yet they never see the limelight Watch their story unfold through the voice Superstar and music presents Original Click here watch the full documentary bit,12011,104,6,30,2017-06-27 05:31:29,62433751.713658005,0.00022761726806321653
319,-qjuXLQjzMk,World Digital Premiere now Streaming Watch the World Digital Premiere com movies,80188,260,167,30,2016-03-21 12:40:49,102411191.713658,0.0008663896837377282
320,tW4uGtCK940,The break their silence Watch the interview,2107993,30,10,30,2017-10-28 11:40:44,51784396.713658005,0.040722556094658746
321,tS-8_LXQhP4,Smart par par Mon Fri Apply secure media com static terms For more updates com Twitter twitter com com,3107,18,3,60,2018-07-05 06:54:23,30201577.713658,0.0001167819785257441
322,xDtDr5CJqzg,Dance Teen Teen Magic Dance cos here Dance This Sat Sun and bit,2646015,19130,658,55,2019-01-10 13:45:39,13847301.713658001,0.21966553938806777
323,lvGotMMnyo0,Boundary Riders Jay gets you update from the VIVO Episode Episode Madness before match with Jay com sports cricket madness before the match with jay,2184,3,4,65,2016-04-12 12:33:04,100510856.713658,2.3121880322050836e-05
324,ELYPIE2LnwI,Watch the Rio Olympic Games Film,1930,8,5,30,2016-08-09 11:08:46,90234314.713658,2.4270146085217826e-05
325,3I2WHHYb-V4,Boss Tamil Boss the one who knows more Watch find out what makes the guy get the inside scoop all gossip Big Boss Tamil with unseen footage Midnight and Morning only For more updates com Twitter twitter com com,8620650,415,245,60,2018-07-23 07:58:08,28642552.713658,0.3014343758502715
326,hdcVYsx3La0,aim for much needed win against Delhi Daredevils need win their encounter against table toppers Hyderabad they want remain contention for the playoffs,11548,36,7,155,2016-05-19 18:48:30,97291530.713658,0.00012753422532243226
327,ljIvzpFut-0,hurt Delhi play off chances rainy Rising beat Delhi Daredevils runs via Lewis method,2358452,11905,1079,156,2016-05-17 20:08:50,97459510.713658,0.026863791751348225
328,lR44z1-1eI8,Star One Tip One Hand Watch Cyrus and give their invaluable cricket expertise Star One Tip One Hand Catch them only goo,1304,11,0,30,2016-05-04 07:36:59,98627821.713658,1.5452029392117823e-05
329,eM60TVh9gII,Air With Season Watch every Monday Wednesday Friday,5809171,87,35,30,2017-03-03 05:13:55,72457205.713658,0.08020749548315145
330,4u_lyMOjM_s,Watch VIVO from April Watch VIVO from April,11766,34,25,20,2016-04-04 07:16:05,101221075.713658,0.00012789826534369823
331,TKdfWneeUAQ,Download Shows Movies for Free film sec Choose your video quality download videos and watch them the,9645,23,22,30,2016-09-23 06:45:13,86362127.713658,0.00012210213295071849
332,WGh872oPGDA,Extras Watch clips which are not shown,505058,0,0,45,2015-05-19 10:55:20,128942320.713658,0.003916929656645326
333,DfLaR3gdcdQ,ICC Cricket World Cup Hindi Never miss chance watch the match with your cricket Watch the ICC World Cup,9281,193,8,60,2019-05-06 13:08:30,3827130.7136580003,0.0034754496240570797
334,sawRMfa9SUc,Watch Full Length Comedy Films Absolutely Free,48885,0,0,30,2015-07-01 10:15:37,125229503.713658,0.0003903632814179109
335,VJSOOAqrSvM,TED Talks India TED Talks Hindi talk show aired Star Plus dynamic platform for creativity innovation and change TED brings you ideas from and the world original thinkers inventors and visionaries And make this entertaining enriching experience there Shah Khan who will host with his characteristic wit and charm Watch all the full episodes latest videos from TED Talks India streaming,5033,19,10,6,2017-12-12 08:59:37,47906063.713658005,0.00011716679611895842
336,VVb7adDHOg0,work done Boss Tamil Exclusive What happens when gets together with Rio and Andrews There plenty Big Boss Tamil jokes jibes but most all endless fun Click here watch,218689,1066,206,30,2018-08-02 12:37:02,27761818.713658,0.008793696209819846
337,WKUmqtm4ULw,Watch Returns free Watch Returns Click here com movies returns,109199,162,57,30,2016-02-05 10:57:19,106305401.713658,0.001068421718643555
338,CX3oD3MJUos,Watch with Khan,1357233,1765,271,30,2016-12-15 13:10:30,79167810.713658,0.01765809850491199
339,QjRE_RHnOVk,VIVO Phone VIVO,11328831,79,9,30,2019-03-28 07:40:41,7216399.713658,1.570116879550802
340,iRMVoSsRMU0,Bombay Velvet Watch the Full Movie for Free,417216,663,544,20,2015-07-07 05:57:57,124726563.713658,0.0035385886282672434
341,xnKMvD8LJXs,Watch the Olympic Games Starting August Messages Film sec,4077,17,5,60,2016-07-26 05:29:37,91464263.713658,4.9385408208621415e-05
342,Sdeaxs9dKkI,new way watch the ICC Champions Trophy,21956,49,15,40,2017-06-03 05:47:51,64506369.713658005,0.00036021248914090134
343,ePWDJ9T6U0U,Interview with after Boss Tamil Exclusive What got say about his shocking eviction from the Boss Tamil house Watch the full story here For more updates com Twitter twitter com com,428827,2891,407,30,2018-09-10 12:28:35,24392725.713658,0.0202842029959349
344,dgN5Y4idV60,Ultimate takes Players,355708,597,546,30,2015-07-14 10:56:29,124103851.713658,0.003050412978909481
345,rt5GCVEfCEA,Boundary Riders Boundary Riders com sports cricket experiences cricket the streets,1286,5,0,30,2016-04-27 08:00:02,99231238.713658,1.3967375777696844e-05
346,dYy5Cce5EB8,Fastest Cricket Scorecard Cricket par fastest scorecard For more updates com Twitter twitter com com,11291219,711,723,30,2018-05-22 08:00:35,33999205.713658005,0.33294598395434344
347,N26a0fXrLrQ,Fastest cricket scorecard feat This rapid fire rapid cricket scorecard and full fire Give watch For more updates com Twitter twitter com com,4627,42,13,15,2018-05-08 07:31:19,35210561.713658005,0.00016265006069978498
348,O7IIaqg8VJw,responds the tweets written him you,108862,0,0,38,2015-05-26 04:57:13,128359007.713658,0.0008481056525682114
349,_he2kuDqJJ0,Watch Promo Watch the latest season your convenience Visit com,256166,0,0,30,2015-04-27 07:27:53,130855567.713658,0.001957624000841523
350,KoXZG-67BIw,Suffering From Originals Telugu the mood for love Think again From director comes story four couples exploring the many meanings modern day love Watch the trailer Suffering From now and binge watch the entire series episodes June exclusively,115051,4,1,34,2017-06-14 06:28:23,63553537.713658005,0.001811873959224986
351,rivPJYTNgj4,Boundary Riders Boundary Riders,2867,8,4,30,2016-04-18 05:36:20,100017460.713658,3.1064575903352445e-05
352,fJkfXMQbkng,Bole With Watch Here com bole with,39675,49,31,30,2015-10-16 06:39:01,115997699.713658,0.0003558260215667029
353,JJSm2p2XExo,Kanpur Time Change Comedy all about great timing par Tune Kanpur Sat Sun and bit,5824,82,24,19,2019-01-10 13:55:37,13846703.713658001,0.0005737105497653034
354,yMvDskBNz-0,Patrick Premium Watch Benedict his scathing best Patrick streaming exclusively Premium Only for months,6109144,319,255,30,2018-10-01 09:13:31,22590029.713658,0.2709436011188357
355,5iOvus0fKi4,Watch All Episodes,58149,30,10,60,2017-08-08 12:21:54,58780326.713658005,0.0010028695533994506
356,OeBNsz-Qqhc,Rhea With Season Rhea tells about the real Khan and more this episode with the siblings Watch the full episode For more updates com Twitter twitter com com,34639,91,27,18,2018-12-31 12:41:49,14715131.713658001,0.0025143505827854057
357,BoUNUgzFIiA,with Season back asking all the wrong questions with Season premieres October For more updates com Twitter twitter com com,4285864,135,39,20,2018-10-14 11:03:33,21460227.713658,0.19987411397643834
358,Xd3AxgHMj8M,Watch for Free Starring Ajay Nana,67070,0,0,30,2015-04-16 11:22:02,131791918.713658,0.0005089082900881185
359,ml_7Bv9Lze0,VIVO Gujarat Gujarat fans find ingenious ways enjoy the game with everyone Thanks not moment VIVO missed,5170,25,8,20,2016-05-10 10:22:10,98099510.713658,5.942945033657861e-05
360,5_isRKt-Bp0,Air With Watch the latest episode,56186,87,29,30,2015-10-30 10:48:56,114773104.713658,0.0005097535711520905
361,btTOBFgIP2s,Bole brand new chat show which takes you fun ride with,427367,673,628,30,2015-09-15 06:51:23,118675357.713658,0.003820397163612855
362,wLo-yGXUHwg,VIVO Phone VIVO,4133,41,18,20,2019-05-01 10:52:48,4267272.713658,0.0012450575242109565
363,45793YTtgKA,Download the,550912,52,60,40,2016-12-08 05:33:40,79800020.713658,0.006931727524042189
364,QhSIt3fB__w,Watch Play Rosy good secretary Rosy listens her boss Rosy finishes all her work Rosy never raises her voice like Rosy But only till Rules and Regulations apply For more updates com Twitter twitter com com,2826,25,1,30,2018-05-11 11:07:19,34938401.713658005,9.576854795541471e-05
365,BguaW1HFzwg,This Season Watch All Episodes,623852,9,8,30,2017-10-03 12:07:09,53942811.713658005,0.011571365677291126
366,F5GDsQHetGE,Specials Big bold and authentic Indian stories available seven languages from country best storytellers Specials launching March,208613,239,17,30,2019-03-05 05:55:45,9209895.713658001,0.023206886010993622
367,GOtH7XiF7tA,Download Shows Movies for Free buffering,3776,6,6,6,2016-10-12 09:53:21,84709239.713658,4.7409232022094096e-05
368,rbH1fGPxulE,Watch with,197125,97,11,20,2016-11-08 09:58:43,82376117.713658,0.0024192084493799646
369,MKhml25hLpA,Now Now,182383,366,235,30,2016-04-22 14:08:48,99641112.713658,0.001951032005821356
370,CibwEf-evqA,India Bangladesh ICC Cricket World Cup Quarter Finals Today Watch for Free Watch team against Bangladesh the quarter final match the ICC Cricket World Cup Download the now visit com,103284,0,0,50,2015-03-18 13:32:26,134289694.713658,0.0007691133725505107
371,3MWfJ3ep6AI,India England Live,392972,507,191,30,2017-01-18 16:29:31,76218269.713658,0.005339034873512478
372,4FjP3t5tNBE,Watch funny take,441662,54,31,30,2015-07-23 07:09:17,123339883.713658,0.0035946361116189736
373,7epbkzWDpT4,Villain Watch for Free Starring,358611,0,0,30,2015-04-17 08:49:08,131714692.713658,0.0027226347540407255
374,Of1doQozQZE,Concert Live com,83754,88,10,30,2015-12-04 06:13:32,111765628.713658,0.0007669084045471447
375,-GsbOvAZmHw,Ajay with Season Watch the full episode see just how much millennial Catch For more updates com Twitter twitter com com,207325,888,43,17,2018-12-03 12:46:01,17134079.713658,0.013186876901237574
376,K4pivVmV1yc,Watch all the episodes Watch all the episodes from the start till the latest episode for Free Download the from visit com,2144920,4000,1179,30,2015-03-30 13:26:25,133253255.713658,0.01687388415358272
377,rqhbc2mKF-M,Get the Fastest Score Update for Cricket Champagne,4562,6,4,15,2016-01-25 07:16:57,107269023.713658,4.4393058080882667e-05
378,GgTL3q8tL28,Watch the Oscars exclusively Missed Watch now Watched Well watch again The Oscars powered Now showing exclusively,420284,364,291,30,2015-02-25 10:45:53,136114087.713658,0.0031839760841780467
379,7GJm6oN4ww4,VIVO Phone VIVO,1541,19,10,20,2019-05-01 10:51:58,4267322.713658,0.0004970329507097093
380,yokobYgMsNY,They don like wait Suffering From Originals Binge watch all episodes the new Tamil series Suffering From directed exclusively Click here watch now bit For more updates com Twitter twitter com com,184347,889,77,77,2017-06-16 07:36:01,63376679.713658005,0.0032135952990940404
381,GWec6pilUrk,TED Talks India TED Talks Hindi talk show aired Star Plus dynamic platform for creativity innovation and change TED brings you ideas from and the world original thinkers inventors and visionaries And make this entertaining enriching experience there Shah Khan who will host with his characteristic wit and charm Watch all the full episodes latest videos from TED Talks India streaming,2137,8,1,6,2017-12-11 13:50:38,47975002.713658005,4.8295984761672005e-05
382,3MX232R7tUw,Silicon Valley Watch all Episodes Premium,62031,11,5,60,2017-08-03 10:47:37,59217983.713658005,0.001052906500523411
383,VZxdwNM1S2k,Boundary Riders Boundary Riders,1633,2,4,25,2016-04-18 05:35:59,100017481.713658,1.752693599123699e-05
384,oWn59_g3aRI,Interview with after Boss Tamil Exclusive temper Daniel shenanigans out the Boss Tamil house and sparing detail about his fellow contestants Click here watch the full episode For more updates com Twitter twitter com com,116600,965,55,30,2018-08-13 14:06:14,26806066.713658,0.005110783370922408
385,wk7GLBwXnFQ,Ultimate Pro incredible show strength Watch the full episode com ultimate,25700,74,38,62,2015-07-31 07:08:14,122648746.713658,0.00022780501838498313
386,6Kw_yvSZs4s,Watch Play What cerulean blue like light blue Purple Neon EVEN Answer all these questions for very confused tailor before Rules and Regulations apply For more updates com Twitter twitter com com,2624341,28,7,30,2018-05-11 11:11:34,34938146.713658005,0.0751339509079862
387,rRFCPe9nElE,Watch the Olympic Games Fashion Film sec,994,1,2,15,2016-08-02 06:38:57,90855303.713658,1.1600863757187082e-05
388,Ht3BfRf1VMY,Originals,202524,20,16,30,2017-03-17 10:39:20,71228080.713658,0.002853425193598231
389,f6FOIrfaAPY,Watch Game Thrones Season Minutes after America Hours before Torrents Start your free trial com subscribe get started,1430751,83,117,50,2017-07-14 08:14:21,60955179.713658005,0.0235378028042877
390,Zx98lrwN0iY,Watch Pepsi Free Streaming All Matches Highlights,346088,0,0,30,2015-04-17 09:38:11,131711749.713658,0.0026276167521302922
391,DqWS9mNMdgE,Watch India All Episodes,613876,0,0,30,2015-04-23 13:35:32,131179108.713658,0.004679678083039795
392,Y0WvBLGHtLY,Cricket LIVE Every day Watch Cricket LIVE Everyday,3583,15,0,45,2016-05-20 10:39:31,97234469.713658,3.993439786769954e-05
393,Epp5SeQBYwY,Watch the latest seasons the best shows from America right after America,394595,467,468,30,2015-02-27 09:21:09,135946371.713658,0.0030401326257571454
394,jpzYgw7B50s,Boss Season Telugu Watch all Episodes Unseen Drama exclusively For more updates com Twitter twitter com com,21673,35,31,6,2018-06-22 09:27:24,31315596.713658,0.0007342347715817856
395,QunQH3_GXz0,Watch Premier League,434174,13,5,30,2016-12-30 09:51:55,77883725.713658,0.005579265706902339
396,8sFxCRvxrgo,Rio and Andrews Boss Tamil Exclusive Rio Raj and Andrews discuss and through their many sounds and noises Click here watch the full episode For more updates com Twitter twitter com com,87342,635,90,30,2018-08-23 07:45:30,25964910.713658,0.003922293479962914
397,iOxAYOp2EJ4,Kidnapped Watch Khan answering questions from his little fans,537479,1672,1036,30,2015-07-13 13:18:30,124181730.713658,0.004764299841852093
398,EecW6B-bJXM,Air With Season Episode Now Streaming com air with nationalism,7865,13,6,6,2017-03-06 09:11:11,72183769.713658,0.00011422235265221887
399,MGXB0Y_2-_E,Boundary Riders Boundary Riders com sports cricket tests for vivo with hilarious outcomes,6599,10,8,30,2016-04-21 12:20:55,99733985.713658,6.977561309922666e-05
400,c3C2q5v4jgc,Comedy time find your kind funny Click here watch now goo For more updates com Twitter twitter com com,15990565,75,13,78,2018-04-20 13:05:08,36745732.713658005,0.43521584192157964
401,rQa1Ge8bt74,The Watch the documentary Starting Nov,6063273,43,13,30,2017-11-17 06:40:44,50074396.713658005,0.12110765976229747
402,4ig9GKGLhyc,VIVO Finals Watch,167667,21,3,20,2016-05-29 06:32:13,96471707.713658,0.001742966969125131
403,u9XYvkZX-nE,Watch free Watch Click here com movies,40111,56,17,30,2016-02-05 10:49:26,106305874.713658,0.00039105082491418535
404,7xy9sT0JJww,VIVO Hyderabad Cinema glitz meets cricket blitz Hyderabad during this VIVO Take look the enjoying the VIVO,8302,52,9,20,2016-05-10 10:22:10,98099510.713658,9.706470430615808e-05
405,vJrAFr0hIDw,Watch Homeland,162246,19,10,30,2017-01-20 12:51:36,76058544.713658,0.0021407982576185287
406,nvbH5yKieEc,Hate Story World Digital Premiere Hate Story World Digital Premiere com movies hate story watch,89577,164,114,30,2016-03-21 12:38:56,102411304.713658,0.0009289697096038669
407,H3iU9r5NqL0,Originals Between the lines,8289,21,5,84,2017-02-17 06:57:34,73660586.713658,0.00011958905559961623
408,FXxI2nCiEjg,The Untold Story Watch the full movie com movies the untold story,36377,45,9,7,2016-11-29 12:32:26,80552494.713658,0.00046500111676428334
409,kZqCUOt6oXU,The Deuce Watch the new show starring James Franco,11193,4,1,60,2017-09-15 10:29:18,55503882.713658005,0.000203463243432177
410,tcoB0p-kA_8,Take Now Streaming,162349,44,16,15,2017-05-17 12:59:23,65949277.713658005,0.002479921019152105
411,QM375U07nTc,Dance Believe Pinch yourself believe this real Dance This Sat Sun and bit,380345,3948,86,20,2019-01-10 13:39:54,13847646.713658001,0.03329266044499018
412,YGNdURtxiT0,Golden Divas with the Joining Shah the couch the gorgeous The diva goes down memory lane and spills some secrets about her days town Watch the latest and full episodes Golden Divas with the streaming,431303,34,4,15,2017-12-11 14:13:17,47973643.713658005,0.009006257739747054
413,Q7p9UgGjaMk,Impromptu with with Season and Kumar flex their acting chops the couch Catch season watch all the madness unfold You don want miss this For more updates com Twitter twitter com com,315026,1924,176,22,2018-10-30 06:29:57,20094243.713658,0.01776757588330286
414,nCBNNQzqkF4,Gayle take spot with thumping win over century from captain led the way beat rain marred encounter,7581308,26966,2331,154,2016-05-18 20:51:00,97370580.713658,0.08387798388527423
415,n2v455Zm2uQ,Win car and prizes every match Watch Play This what happens when superpower becomes yours Watch Play win and prizes every match Visit now com For more updates com Twitter twitter com com,85206,403,258,30,2018-05-10 15:50:23,35007817.713658005,0.002811543433100085
416,ZlWRwNZ6r3U,Watch VIVO The Super Squad unlock brand new super power Watch them enjoy VIVO with their cricketing from wherever they are only,6459,75,18,60,2019-04-02 11:43:13,6769847.713658,0.0012288311867365382
417,jn7ZImEwgOg,Suffering From Originals Tamil the mood for love Think again From director comes story four couples exploring the many meanings modern day love Watch the trailer Suffering From now and binge watch the entire series episodes June exclusively,4136,13,1,35,2017-06-15 06:16:41,63467839.713658005,6.957854592063098e-05
418,cQ1UmSfDz3U,Super Singer Watch all the full latest episodes performances Watch STAR shows Click here watch now com super singer,205277,9,3,20,2016-02-11 04:37:43,105809777.713658,0.0019423252221185954
419,f9pE0D91FiQ,Watch for Free Starring,212930,0,0,30,2015-05-05 05:07:15,130172805.713658,0.0016357487175038968
420,sq3IjJ3tofU,Boundary Riders Boundary Riders com sports cricket things you should know before attending the vivo match,18958,15,14,30,2016-04-20 13:11:23,99817357.713658,0.00019573749944421358
421,6j0VBV6lgtQ,The Cold Call Beauty And The Feast Exclusive,10899,60,26,47,2018-02-06 12:10:16,43056224.713658005,0.00029308189661127177
422,skf6yg36Ucc,Download Shows Movies for Free Still loading,9729,12,7,6,2016-10-12 10:02:47,84708673.713658,0.00011933842848456822
423,XKu6HLC6rr0,Watch Pepsi Free Streaming Video Highlights Matches lined April,285937,0,0,60,2015-04-21 11:26:08,131359672.713658,0.002176748724270154
424,RWEBPq68xiM,Chelsea Arsenal Premium the Blues the Gunners The one who claims the match tonight will also inflict the burns until the next round See you Premium,10964,27,13,43,2018-08-18 06:38:34,26400926.713658,0.0004455904191391178
425,5a1l_iF86Y4,Struggling take inconsistent Delhi Delhi Daredevils need win over Rising stay the race for the Vivo playoffs,140511,931,68,164,2016-05-16 19:30:07,97548233.713658,0.0016452476266367209
426,fdOOz62b06w,Watch the Olympic Games Starting August,123663,23,18,30,2016-08-01 05:45:44,90944896.713658,0.0013687738894457976
427,_XdSuQiW2BE,Billions Watch all the episodes,124415,71,57,60,2017-09-15 10:29:18,55503882.713658005,0.002287677794633904
428,6RvRVpowxK4,Get the Fastest Score Update for Cricket Balloon,54178,85,80,15,2016-01-25 07:16:58,107269022.713658,0.0005358303687862501
429,Fl31aNEHuss,ICC Cricket World Cup Tamil The Super Squad unlock brand new super power Watch them enjoy the ICC World Cup with their cricketing from wherever they are only,3669,52,7,60,2019-05-06 13:09:57,3827043.7136580003,0.001267035435914889
430,teS1uKz66Ak,Bombay Velvet Club exclusive talk show hosted feat,432236,692,570,60,2015-05-08 13:45:58,129882482.713658,0.003522230176401558
431,-NKt4V5osbM,Watch with,2047561,3209,363,30,2017-01-13 11:29:04,76668296.713658,0.027638555841589633
432,dp4Sqx0LZ20,The Boundary Riders Catch the Riders they get you action everyday from,1258,3,1,42,2016-04-10 04:47:24,100711596.713658,1.328546109545046e-05
433,D0PqSfKlyn0,Boundary Riders gets you update from the VIVO Boundary Rider gets you update from the VIVO only com sports cricket for vivo ticket,2639,12,1,76,2016-04-10 16:49:56,100668244.713658,2.8797561815505487e-05
434,zZQUvGKadXk,Bole brand new chat show which takes you fun ride with,276363,604,362,30,2015-09-21 14:15:51,118130289.713658,0.002503024420889181
435,Ohv9sMHgjGY,Watch India Australia,2258629,1039,420,30,2017-09-20 14:18:16,55058144.713658005,0.04155259883707041
436,_ehnvtGjmFQ,Boundary Riders Boundary Riders com sports cricket meets and his art work,945,2,0,30,2016-04-27 06:00:01,99238439.713658,9.925589346649474e-06
437,cKfF8lvDrP4,Promo family comedy movie starring and Jacqueline Fernandez and directed David The film the sequel the hit starring Khan Two brothers born honest businessman are separated birth when their father exposes smuggling racket They come together destroy the smuggling nexus and save their family from downfall Subscribe our Premium membership watch full movie streaming,14644,40,8,6,2017-12-11 07:20:24,47998416.713658005,0.0003250940566037434
438,P-Mnv0JzPWs,Game VIVO Watch Play VIVO Watch Play Rules and Regulations Apply For more updates com Twitter twitter com com,61112,337,212,60,2018-04-07 12:34:25,37870775.713658005,0.0019036314583331915
